{
    "1": {
        "precision": 0.71,
        "recall": 0.6311111111111111,
        "f1-score": 0.668235294117647,
        "support": 1125.0
    },
    "2": {
        "precision": 0.6931567328918322,
        "recall": 0.9467336683417086,
        "f1-score": 0.800339847068819,
        "support": 995.0
    },
    "3": {
        "precision": 0.758177570093458,
        "recall": 0.5926940639269407,
        "f1-score": 0.6652998462327012,
        "support": 1095.0
    },
    "accuracy": 0.7157076205287713,
    "macro avg": {
        "precision": 0.7204447676617635,
        "recall": 0.7235129477932535,
        "f1-score": 0.7112916624730558,
        "support": 3215.0
    },
    "weighted avg": {
        "precision": 0.7211960772876234,
        "recall": 0.7157076205287713,
        "f1-score": 0.7081201198571183,
        "support": 3215.0
    }
}