{
    "1": {
        "precision": 0.9733487833140209,
        "recall": 0.7671232876712328,
        "f1-score": 0.8580183861082737,
        "support": 1095.0
    },
    "2": {
        "precision": 0.8003132341425215,
        "recall": 0.9779904306220095,
        "f1-score": 0.880275624461671,
        "support": 1045.0
    },
    "accuracy": 0.8700934579439252,
    "macro avg": {
        "precision": 0.8868310087282711,
        "recall": 0.8725568591466212,
        "f1-score": 0.8691470052849724,
        "support": 2140.0
    },
    "weighted avg": {
        "precision": 0.888852452059714,
        "recall": 0.8700934579439252,
        "f1-score": 0.8688869908182271,
        "support": 2140.0
    }
}