{
    "1": {
        "precision": 0.8073270013568521,
        "recall": 0.5288888888888889,
        "f1-score": 0.6390977443609023,
        "support": 1125.0
    },
    "2": {
        "precision": 0.6964980544747081,
        "recall": 0.8994974874371859,
        "f1-score": 0.7850877192982456,
        "support": 995.0
    },
    "3": {
        "precision": 0.6563285834031852,
        "recall": 0.7150684931506849,
        "f1-score": 0.6844405594405595,
        "support": 1095.0
    },
    "accuracy": 0.7069984447900467,
    "macro avg": {
        "precision": 0.7200512130782485,
        "recall": 0.7144849564922532,
        "f1-score": 0.7028753410332359,
        "support": 3215.0
    },
    "weighted avg": {
        "precision": 0.7215982082598075,
        "recall": 0.7069984447900467,
        "f1-score": 0.6997230655350488,
        "support": 3215.0
    }
}